feature	Escherichia_coli	Akkermansia_muciniphila	Klebsiella_pneumoniae	Bifidobacterium_longum	Klebsiella_variicola	Bacteroides_uniformis	Blautia_wexlerae	Ruthenibacterium_lactatiformans	Bacteroides_fragilis	Klebsiella_quasipneumoniae	Fusicatenibacter_saccharivorans	Bacteroides_ovatus	Bacteroides_thetaiotaomicron	Ruminococcus_torques	Ruminococcus_gnavus	Eubacterium_rectale	Bifidobacterium_bifidum	Flavonifractor_plautii	Faecalibacterium_prausnitzii	Anaerostipes_hadrus	Parabacteroides_distasonis	Streptococcus_salivarius	Veillonella_atypica	Erysipelatoclostridium_ramosum	Streptococcus_parasanguinis	Haemophilus_parainfluenzae	Roseburia_intestinalis	Veillonella_parvula	Clostridium_innocuum	Intestinibacter_bartlettii	Eggerthella_lenta	Veillonella_infantium	Veillonella_dispar	Eubacterium_sp_CAG_38	Enterococcus_faecalis	Bifidobacterium_pseudocatenulatum	Klebsiella_oxytoca	Bifidobacterium_adolescentis	Bacteroides_vulgatus	Bifidobacterium_dentium	Lactobacillus_rhamnosus	Haemophilus_sp_HMSC71H05	Bifidobacterium_breve	Parabacteroides_merdae	Bacteroides_dorei	Collinsella_aerofaciens	Enterobacter_cloacae_complex	Bacteroides_caccae
G69147	0.324008948193234	0.00534693251739296	0	0	0	0	0	0.00105666452266618	0	0	0.0181242219413563	0	0	0	0.0553885239931857	0	0.283783585104201	0.00333211881089886	0	0	0	0.00066690383692741	0	0.000886838080689163	0.000435067740047125	0	0.266934561711258	0.00860413966454577	0.00535133320257964	0.00240827496841258	0.00169236350099711	0.000157224479851513	0.000124719418813509	0	0	0	0	0	0	0	0	0	0	0	0	0	0	0
G69150	0.019886921602738	0	0	0.00586532434487611	0	0	0.00571732120720959	0.0099121101367349	0	0	0.00187553976144294	0	0	0	0.00816607312075016	0.038777122074988	0.0146748111059954	0.00817457330095398	0.17468510332419	0.0102634175844528	0	0.00057211212877713	0	0	0.000153603256389035	0	0.0321433814396865	0	0	0.00213234520571836	0.000682314465066659	0	0	0	0	0.0115220442673385	0	0	0	0	0	0	0	0	0	0	0	0
G69161	0.00920165516943317	0	0	0.319705194079031	0	0	0.000345752373070812	0	0	0	0	0	0	0	0	0	0.124083483591219	0	0	0	0	0.00150896500087589	0	0	0.000197386988445808	0	0	0	0	0	0	0	0.000225699465754558	0	0.00212783773809118	0	0	0	0	0.00288427109827301	0	0	0.422928784715424	0	0	0	0	0
G69179	0.00343774411818623	0	0	0.00264876514139065	0	0	0.00836423726014974	0.000666666733340007	0.000530053058311137	0	0	0	0	0	0.0155462561802436	0	0.00916721763848561	0.0252978323130145	0.125519764528429	0.0127990811880269	0.0683623430705414	0	0	0	0	0.00177127730485822	0.00179047922697062	0.00213251346459781	0	0	0.000890989188017721	0.000107010711772248	0.000506750725747647	0.0330867119798692	0	0.00380128050817887	0	0.0204464466893136	0.360000536053659	0	0	0.00117321743906565	0.00320672099277138	0	0.00081338141948009	0	0	0
G69187	0.1162932	0	0	0.2094408	0	0	0	0	0.0006565	0	0	0.5536159	0	0	0.0019483	0	0.018021	0	0	0	0	0	0	0	0.0002922	0	0	0.0887834	0	0	0.0003229	0	0	0	0.0006614	0	0	0	0.0002296	0	0	0	0.0040108	0	0	0	0	0
G69189	0.292437532166276	0.0381124744044951	0.0088132346737507	0.180542095642028	0.00233247383242793	0.0458750857350653	0	0	0	0.000653276694683956	0	0.00074458741456247	0	0	0	0	0.27959352427975	0	0	0	0	0	0	0	0	0	0	0	0.00057556757163291	0	0.00280322909909623	0	0	0	0.0324441089383894	0	0	0	0.00086430146899246	0.000531562405426397	0	0	0	0	0	0	0	0.0857299646978555
G69190	0.0221273959392848	0	0.00212598961540843	0.438658823126966	0.000407693891903305	0	0.000752173225493831	0	0	0	0	0	0	0.00206117468853077	0	0	0.345765829870619	0	0.00185752778864973	0	0	0	0	0	0	0	0.000720866015443356	0	0	0	0	0	0	0	0.00383438305841835	0	0	0	0.00705132391989875	0.159851013688452	0	0	0.00227122306267133	0	0	0.00021014839717587	0	0
G69203	0.000218016315788525	0.00448464966940198	0	0.000272670543713472	0	0.00731295591485872	0	0.00233231412207192	0.000193391883426736	0	0.000186585129765754	0.00109328475713603	0	0.0277430266310233	0.000200999431636069	0.00282510306726334	0.0886654738831869	0.000354451686963805	0.000996088318829943	0.000161660399448333	0	0.000183181752935262	0	0.000341638974190192	0	0	0	0	0.00153522324850717	0.000634329381612436	0.0027188976902883	0	0	0.000154553347831719	0	0.16230263667611	0	0	0.00165874580759029	0	0.00882505622078226	0	0	0	0	0.128107308071068	0	0.000893486517322487
G69205	0.0239790795815916	0	0	0.464283485669713	0	0	0	0	0	0	0	0.00271805436108722	0	0	0.000404808096161923	0	0	0	0	0	0	0	0	0	0	0	0	0	0	0	0.0237816756335127	0	0	0	0.145980019600392	0.000106802136042721	0	0	0.00524110482209644	0.00850267005340107	0.0655655113102262	0	0	0	0	0.000209504190083802	0	0
G69210	0.0689484278332699	0	0	0.883643525695848	0	0	0	0	0	0	0	0.000116845464570264	0	0	0.000259500971828138	0	0.0323058702141003	0	0.000489890616438856	0	0	0	0	0	0.000741888668881062	0	0	0	0	0	0	0	0	0	0	0.00105270960930898	0	0	0.000727583102585216	0	0	0	0.000111143245836955	0	0	0	0	0
G69217	0.0330537580141741	0	0.0028557629191692	0.573505165187277	0.000194231484923706	0	0	0	0	0	0	0	0	0	0	0	0.149290900054899	0	0	0	0	0.00108807637718074	0	0	0	0	0	0	0	0	0.0189728755031191	0	0	0	0.155245665322349	0	0	0	0	0.00323092373273708	0	0	0	0	0	0	0	0
G69229	0.215448874616787	0	0	0.00197526014176067	0	0.000458160339716741	0	0	0.00721975084118578	0	0	0	0.195040786871631	0	0	0	0.555336737848375	0	0	0	0	0.000149119639056464	0	0	0	0.00094702472315604	0	0.000327743163774669	0	0	0	0	0.000541871364458699	0	0.000242231901941486	0	0	0	0.000130217149598602	0.000476362736972459	0	0.000786603595693553	0.00293068597134243	0	0	0	0	0
G69235	0.15178337005585	0	0	0.308139176089345	0	0.00582959331775214	0	0	0	0	0	0	0	0	0	0	0.523075273508487	0	0	0	0	0.000227146496887913	0	0	0	0	0	0	0	0	0	0	0	0	0.00106221743590913	0	0	0	0.000597622333291625	0	0.00727228863748409	0	0.000106521805013486	0	0	0	0	0
G78529	0.0732143920101524	0.000406575437301195	0	0.0467044529714572	0	0.0283629386080094	0.00472483876792836	0	0.0167908452497253	0	0	0.0098943694204049	0	0	0.00276519318085754	0.000550837686461708	0.267711117347135	0.00056394334155188	0.00638345446059975	0.000548336607246027	0.000578449601002833	0	0.00154916846619316	0.00069950183504182	0	0.000353352471591492	0.00533110036980957	0.0100893535560594	0	0	0	0	0	0.000119351500172324	0	0.0282259795101586	0	0.00168792834107918	0.0334819474603291	0	0	0	0.425825743808453	0.000434587524516829	0.00114779527366058	0.0130477300955362	0	0.00292716307086508
G78531	0.000793961253530592	0	0	0.000948692679483203	0	0.000160732644800159	0.0025289136223567	0	0.00184667505970463	0	0.0296946309795519	0	0	0	0.0868787450731243	0.0450330462116856	0.000142728988257515	0.00398050844126442	0.00935870075212276	0.0119820335510142	0.503647290764754	0.0170807691042051	0.0141898819650271	0.0301854306609672	0	0	0.0754791298112647	0.00418384973988217	0	0.00143219087796732	0	0.0050582273259699	0.000807063914681072	0.0176081762205904	0	0	0	0.075546943584242	0.000309762912847599	0.0233218366650267	0	0.000692040553436403	0	0	0.000184637499876225	0	0.00108782093643219	0
G78540	0.00105955923536443	0.000409115931388587	0	0.780222801594682	0	0.0316855236193663	0.014431216796225	0.00149308805187378	0.00282789256169406	0	0.00243828692784051	0.00150389375512395	0.00251272621689728	0.00203137215822511	0.00387434487922726	0.000331074741248431	0.0642921333880022	0.00015748311959052	0.0113525918980038	0.00401651991921336	0.00271443267756722	0.000171390459884727	0	0.000365893118387885	0.00244709157493325	0.000366693540850861	0.00612413231703693	0	0.000236824996233012	0	0.000258936666772723	0	0	0	0	0.0017220088762849	0.000143075515256953	0.00518473650392677	0.0182012065968418	0	0	0	0.00582697547765711	0	0	0.00393917909872831	0	0.00307692400048746
G78546	0.193041934915469	0.00248066598571522	0	0.0145913881309243	0	0.038620027292726	0.443986710046487	0	0.00494703159104032	0	0.0235215256725829	0.0045969222781326	0.00202265380259115	0.0020508545527311	0.00520523845934302	0.00335658928527499	0.00580945453149054	0.0114570047563265	0.0159271236614894	0.026093894097583	0	0.000132803532573966	0.00011090295001847	0.00688058302350843	0.000312908323361401	0	0	0	0.000162704327935123	0	0.00193575149098966	0	0	0.00713148969762596	0.00298467939247184	0.000115503072381725	0	0.00242406448011517	0.0605186097950206	0.0292022767805624	0.0334060886019568	0	0.00028890768494442	0	0	0.00187214979918466	0	0
G78558	0.0374141399187986	0	0.00040470643779314	0.000364295809797977	0	0.0157524428924807	0.00117200823816664	0	0.0179330163833088	0	0	0	0	0	0.00150649620850284	0	0.6837398235736	0	0.00503802500057515	0	0.00766211513628084	0	0	0	0	0	0	0	0	0	0	0	0	0	0.000461921485350647	0	0.00415889378906652	0	0	0.0250200802811139	0.0929881558849978	0	0.000142237408438419	0	0	0	0	0
G78559	0	0	0.00851083915930062	0.833371901990143	0.0143119384960264	0	0	0	0	0.00100295175231042	0	0	0	0	0	0	0.0870246904740284	0	0	0	0	0	0	0	0	0	0	0	0	0	0.00944108716009746	0	0	0	0	0	0	0	0	0.00331307095446125	0	0	0.0282541579145484	0	0	0	0	0
G78561	0	0	0.030658690971553	0.0460338446615789	0.0489125602395389	0.0115884754959613	0.00220509493250241	0	0	0.00404342417727015	0	0	0	0	0.00602197853635586	0	0.042076035818015	0	0.00149676807116155	0	0	0	0.00497679134332959	0.210729741696738	0.000712527613695613	0.0227401727649422	0	0	0.000311655817556924	0	0	0.00159948646802642	0.00580633991547886	0	0	0.50507015806531	0	0	0	0	0	0	0.000391970201863154	0	0	0	0	0.000173431061503115
G78585	0.00295319438630302	0	0.00149996519872132	0.0932254045723866	0	0.0200629873056569	0.0512492455544125	0.0012557544967364	0.000799025323496439	0	0.0172213174781248	0.000195268269718535	0.00235114229430489	0	0.0234214611361986	0	0.104437534111772	0.0216395754925986	0.00500687099597248	0	0.00170335710986112	0	0.000673159027401544	0.000501058179514022	0.000465053398400024	0	0.00113430104289503	0	0.00562196103099239	0	0.000563038554802185	0.000113831271767097	0.000185038499039906	0	0	0.25766184750862	0	0.115213394019275	0.0741567108599446	0	0	0	0.00201496394808171	0.00175721384372802	0	0.0948859370540146	0.00104253398239557	0.0230356383146232
G78589	0.0819815683457425	0	0	0.000521341133815458	0	0	0	0	0	0	0	0	0	0	0	0	0	0	0	0	0	0.0036001840545219	0.0168889325367772	0	0.00135610699684205	0.0515003633786706	0	0.0307457258377686	0	0.0148662729489357	0	0.0104694260377144	0.0138660940348193	0.411643678686248	0.00163372890121031	0	0	0	0	0.310343986140506	0.00113038918770691	0	0	0	0	0	0	0
G78591	0.00507428538031571	0.0101677854733369	0	0.190793590652363	0	0.00010978406165601	0.0077380250057469	0	0.132283989851029	0	0	0.0467968323345185	0	0	0.106549785170505	0	0.125255508142585	0.00557346760414449	0.0124512339098047	0.00829335021826212	0	0	0.0472822039835902	0.00270637226924656	0	0	0	0.0043158046115911	0.000371084139125328	0	0.000314640920552867	0	0	0	0	0	0	0.0618594657929577	0.112706999749708	0.00129529180493504	0	0	0.000110284444799383	0	0	0.0308494214019675	0	0.0277374385567029
G78592	0.0172849429996191	0	0	0.291847279571446	0	0.0566055786822442	0.00697700930875655	0	0.445529418623965	0	0.00517009553191306	0	0	0	0.00710724093873363	0	0.00010819243105788	0	0	0	0	0.00028761154589553	0	0.00325478896765788	0.00118390569466854	0	0	0.000160184904871805	0	0.000618399886037306	0.00040832624906659	0	0	0	0	0	0	0.0220024335282734	0.0286976416253949	0	0.018845618817629	0	0	0	0	0.0774853153819383	0.00128919295859616	0
G78637	0	0.000338416482239567	0	0.0139770932144932	0	0.000415909534751212	0.00395978442256972	0	0	0	0.000279417232143153	0.000292684525180166	0	0.0081935585483129	0.072398512495227	0	0	0.00108862159760521	0.134037752886415	0.0359435090723659	0	0.0018996351393905	0.0193908523421647	0.0135461072103818	0.00740877806321443	0.0147679042873358	0	0.00174635770089471	0	0	0	0.0188292036035978	0.0396016635979351	0.23985959183575	0	0.0173291954120495	0	0	0.000642860653520722	0	0	0.0025059102272637	0	0	0	0	0	0.000372690322585184
G78644	0.0239271663967566	0	0	0.13334958827428	0	0.000158115637636562	0	0	0	0	0	0	0	0	0.105659649739359	0	0.439848801046423	0	0	0.163289249306756	0	0	0	0.108359716775989	0	0	0	0.0018337813609766	0.00580927453725173	0.00802159333558089	0	0	0	0	0	0	0	0	0	0	0	0	0.000128912749470923	0	0	0	0	0
G78673	0.0401775753519009	0.0100388360188715	0	0	0	0	0.05807243919948	0.000199070975168877	0	0	0	0	0	0	0.0644257337938037	0	0.00211045549055939	0.0235981967605392	0.0878803367189546	0	0.0898122346394006	0	0	0	0	0	0	0.000492422772587785	0.000481509236893248	0	0.00260904238978946	0	0	0	0	0	0	0	0.0240855669703055	0	0	0	0.0469876216252922	0	0	0	0.239030380858143	0
G78675	0.207908692743835	0	0.0205776535388802	0.503080132855574	0.00356879600061242	0	0	0	0	0.00188585072938462	0	0	0	0	0.0173280661249788	0	0.000261007021088867	0	0	0	0	0.000152604105050426	0	0	0	0	0	0	0	0	0	0	0	0	0	0	0	0	0.153057017233764	0	0	0	0	0.0014115379703714	0	0.00558265017328966	0	0
G78677	0.0618003229386457	0	0	0.315147930864245	0	0.00471015536421414	0	0	0.122636670819421	0	0	0.000673022220835304	0	0	0	0	0.351593449370406	0	0	0	0.0023823326316059	0.00194055240431662	0	0	0.00155158176724893	0	0	0	0	0	0	0	0	0	0	0	0	0.00467324866195701	0	0	0.0071271942984846	0	0	0	0.0818183582138516	0	0	0.0168133533049602
G78679	0.0113450594060634	0	0	0.000117655580496226	0	0.00292398128876081	0	0	0	0	0	0	0.0328568215625061	0	0.0712674667512933	0	0	0.00203105947249481	0	0	0.0913450514022825	0	0	0	0	0	0	0.0027348919629633	0	0	0.0003541673086366	0	0	0	0	0	0.00112363080319143	0.0181184591601072	0.000124158652547463	0	0	0	0.0593711469298096	0	0.544742436326921	0.0266809040590775	0	0.117751825962585
G78688	0.00505818316159106	0	0	0.133361750579741	0	0	0.0902704076727766	0	0.000265999031439405	0	0	0	0	0	0.00518052871083904	0.0695944099988426	0	0	0	0	0	0.0444547505036125	0.00781180833624358	0.0132505331735005	0.00356622770657516	0.0425144281215897	0.273018944953206	0	0	0.0030015174649522	0.000335925064901663	0.00335034733431256	0.00361354532292372	0	0	0	0	0	0.00275202457875067	0.00153997333207153	0	0	0.0420487547513939	0	0	0	0	0
G78690	0.0282946940247666	0	0	0.241251853484551	0	0	0.00553710976636076	0.00712930308980884	0	0	0	0	0	0	0	0.00160621969302288	0.370456758706368	0	0.0430133651264377	0.00971466356750691	0	0	0.0113208832605298	0.00283372740752615	0	0	0.0065066324690418	0.0824544142988819	0.00218931591391817	0.00195788081593396	0.00226485793291388	0	0	0.0044288261932433	0	0	0.00350599126357552	0.0125319600849597	0	0.00147417144231155	0	0.000336532681441109	0	0	0	0.0508449885785276	0	0
G78694	0.0783635051371232	0	0.154463712235048	0.000272368241862999	0.0202736230169376	0	0	0	0.0626345893858637	0.00609566529245115	0	0.043562808746963	0	0	0.0187455791442374	0	0.323590181655208	0	0.000403949519618268	0	0	0.000180811687379294	0	0.0839432517466039	0	0.000246252109928303	0	0	0	0	0	0	0	0	0	0	0.0106848000009606	0	0.000161099511168049	0	0	0.00112729633094362	0	0	0	0	0	0
G78696	0	0.399803603843468	0	0.0990793405065873	0	0.00878791785567723	0.00161309697115239	0.00190445060935718	0	0	0	0.000610112321678421	0.00099088242145379	0	0.0210776804009618	0	0.14999611428464	0.00017953305203488	0	0	0	0	0	0.0451812178622084	0	0	0	0	0	0	0.036452510907258	0	0	0	0	0	0	0	0.00743716918284656	0	0.0341220818752732	0	0.000411775807926239	0.000422577796572349	0	0	0.00260337928212584	0.0130492023581541
G78701	0	0	0	0.0361527437312513	0	0.00617454711455981	0.0014580422886466	0	0.00622503556776022	0	0	0	0	0	0.0035998367506555	0.00127275066914766	0.143871213692228	0	0.000148152995872393	0.00170104933675437	0	0.000540617910412405	0	0.00128409300555253	0.000157889337742056	0	0	0	0	0	0.00108615417908887	0	0	0	0.000220322375298037	0.270487822847561	0	0.0152368731527299	0.0024557663936409	0	0.0671073850253456	0	0.000228954595924749	0	0	0.190846051973597	0	0.000776197233794863
G78722	0.00925636317398783	0	0	0.480995380428797	0	0	0.0436534460559435	0	0	0	0.00135193042809628	0	0	0.00468014425397029	0.000780641453593033	0.00113326671966391	0.0777490653728396	0.031122934258716	0.00182179708728727	0.0177420969689445	0	0.00032218855940264	0	0.00105146807049301	0	0	0	0.0311058136112151	0.00109061528203013	0.000197638351852334	0.000580500083100219	0	0	0.00439199674807818	0	0	0.00038095943708112	0	0	0	0	0	0	0	0	0.0371236711474038	0	0
G78748	0.0249973414746068	0	0.00194975201935386	0.449892523546332	0.00441050113028595	0	0.00520550776434471	0	0	0.000460777721967363	0	0	0	0	0.130556255547765	0	0.212022677146575	0	0	0	0	0	0	0.0112573419567927	0	0	0	0	0	0.00630593219804879	0.0762547114422033	0	0	0	0.00940162620722813	0	0.000676660988143127	0	0	0.00081801550858166	0	0	0.000120446456198156	0	0	0.00279447783009907	0	0
G78758	0	0	0.000386679090606092	0.174646049924367	0	0	0.000355031695467132	0	0	0	0	0	0	0	0	0	0.18882298129679	0	0	0	0	0	0	0	0	0	0	0.00138948088657574	0	0	0	0	0	0	0.00263394459542611	0	0	0.207995293751923	0	0.00151536941723926	0	0	0.000139709228540663	0	0	0.119177480194339	0	0
G78766	0	0	0	0.158854416219851	0	0.00016244818213082	0	0.000200059337599532	0	0	0	0	0	0.000799637172385329	0.0106110472366104	0.000506550242802015	0.000248773786305018	0.000509251043859609	0.000389815619312688	0	0	0.000133739667185287	0	0.00117284786667726	0.000631987447476922	0	0	0.00493826468930685	0.0036316771554443	0	0.007609356935267	0	0.000762226076254217	0	0.0012408680414611	0	0	0.000210062304479509	0.000395217221427876	0.565162827294576	0.092100116894671	0	0	0	0	0.000296387908653707	0	0
G78776	0.00791424721563258	0	0	0.0897382195914984	0	0.119966622305132	0	0	0.00018107429478315	0	0	0.113191542489884	0	0	0.11003094569702	0	0	0	0	0	0	0	0	0.0123691750725323	0	0.000887264044437433	0	0.0828435907252746	0	0.00149831475854543	0.000432277363402204	0	0.000571234377465074	0	0	0	0	0	0.0521836109355669	0	0	0.000227593381564456	0.000382356881028286	0	0.390263725206452	0	0	0
G78782	0.000273846718250133	0	0	0	0	0	0	0	0	0	0	0	0	0	0	0	0.989472103940932	0	0	0	0	0	0	0	0	0	0	0	0	0	0.00112349166767851	0	0	0	0.00113069289620809	0	0	0	0	0	0.000343458594036143	0	0	0	0	0	0	0
G78783	0.0606888650609403	0	0	0.434053952102623	0	0.00181389758769022	0	0	0.00661385582544341	0	0	0	0.00312066789193259	0	0.00103975593886951	0	0.397570389286944	0	0	0	0.00113776121155318	0	0	0	0.000538728983619319	0	0	0.00114686170115952	0	0	0	0	0	0	0	0	0	0	0.0478093721442214	0	0	0.000721938840309609	0.0419836587208392	0	0	0	0	0
G78787	0.00375170388801493	0.109011429925824	0.00138711235610084	0.0839804024125954	0	0	0	0	0	0	0	0	0	0	0.00240779503139754	0	0.522724540687796	0.00254580621030303	0.00155772617582024	0.000481038964156097	0	0	0	0.0387751407864037	0	0	0	0	0	0	0	0	0	0	0.0156513677607886	0	0	0	0	0.0140124350072356	0.00514121643853152	0	0.000533443208899921	0	0	0	0	0
G78788	0.115232971019676	0.000212299802136985	0	0.00084839883229106	0	0.00126279363928983	0.00781027160868324	0	0	0	0.00330165210665534	0	0	0	0.00084859892635528	0.000269526704503787	0.000287034935123001	0	0	0	0	0	0.00583474291264323	0	0	0.001899893139765	0	0	0	0	0	0	0.000164677414852722	0.0230989588205415	0	0.601221734337312	0	0	0.00121086922962485	0	0	0.000440407035347317	0.000431802990585874	0	0	0	0	0
G78793	0.0151692754396522	0	0.00994745959995401	0	0.00199489597248977	0.00297473075058987	0.0111270441704234	0	0	0.00104198138183824	0.127296159389926	0	0	0.0296201121220803	0.022080858435741	0.00109051777928268	0.16178662378918	0.0159624702564453	0.0384185100406795	0.113247624393533	0	0	0	0.0131883899736412	0.000652489301727365	0.00100865639142793	0.00753154790777604	0	0.00928426226827498	0.0015987989393246	0.0118899162481945	0	0	0	0	0	0	0.253970252292194	0.0019258441905585	0	0	0.00126454828475874	0	0	0	0	0.000681511065147754	0.00073785331620182
G78794	0.119172752419529	0	0.00106846627023744	0.00127263625970983	0.000191165531544213	0	0	0	0.487573640243876	0.000202369372220797	0	0	0	0	0.0421229397437441	0	0.245558177343193	0	0.00773475147280488	0.00151511938292447	0	0	0.000687335618650073	0	0	0	0	0.0583470013520635	0	0.000109537549471959	0.000835286336156034	0	0	0	0	0	0	0.000384931954674062	0	0	0.0103059328737891	0	0	0	0	0	0	0
G78840	0	0	0	0.0299348891455069	0	0	0.00322898625815386	0.00899218959816715	0	0	0	0	0	0	0.00946000351085489	0	0	0.0041371073856484	0.0389687889000972	0.0103773268790951	0.369239809893709	0.000281668586300764	0.00031687715958836	0	0	0.000398697082739647	0	0.000134732807438611	0	0	0.00278707865365216	0	0	0	0	0	0	0	0.0382204066690239	0.000531029305635922	0.00175852820161709	0.00105615717427194	0.200597845575398	0	0	0	0	0
G78852	0	0	0.00139691825667323	0	0.000345628228072615	0	0	0	0.0572410364245135	0.00028300499485309	0	0	0	0	0	0	0	0	0	0	0	0	0	0	0	0	0	0	0	0	0.0288363983037707	0	0	0	0.0264380085011539	0	0	0	0	0	0	0	0	0	0	0	0	0
G78862	0.00668177891623124	0	0.000531149359199807	0.219817512684567	0	0	0	0	0	0	0	0	0	0	0.000130836791305715	0	0.615025145070794	0	0	0	0	0	0	0	0	0	0	0.000327892203287564	0	0	0	0	0	0	0.00271406319457031	0	0	0.142068149563657	0	0.00758013153298708	0	0	0	0.00480064994276391	0	0	0	0
G78875	0.243457544879767	0	0	0.412940663670248	0	0	0	0	0.00010311899451879	0	0	0	0	0	0.183058719416116	0	0	0	0	0	0	0	0	0	0	0.0010312899636113	0	0.0842463181718073	0.00177222644411101	0.00110410337584183	0.00099568340488318	0	0	0	0.00377639561207174	0	0	0	0	0	0.0329178634704513	0	0	0	0	0	0	0
G78893	0.00896826755393231	0	0	0.255068730439035	0	0.000767256544116051	0.01105303634599	0	0	0	0	0.000731139760646773	0	0	0	0	0.674797278295224	0	0	0	0	0.000883210427885838	0	0	0.00142206083166848	0	0	0	0	0	0	0	0	0	0.000651402706837868	0	0	0	0.0161360984449474	0.0111011587084518	0	0	0	0	0	0.015663979051065	0	0
G78899	0.700885583046424	0	0	0.000235914131256462	0	0	0	0	0	0	0	0	0	0	0	0	0.253991114067733	0	0	0	0	0.000490829400681101	0	0	0.00181150850935971	0.0122314326628165	0	0	0	0	0	0.000193111567382886	0.00108406493548964	0	0	0	0	0	0	0	0	0.000717943004785987	0.00139538358347665	0	0	0	0	0
G78902	0.000388431367488485	0	0	0.00304012817134755	0	0.000258987589602804	0	0	0.000829580564146795	0	0	0.000293699329113106	0	0	0	0	0.110681332426627	0	0	0.000622110397736515	0	0.00341255412580535	0	0	0.0003614222329992	0	0	0	0	0	0.000211071384342185	0	0	0	0.0407427792079281	0	0	0.000726745785424631	0	0	0.000394233329712109	0	0.83425104370298	0	0	0	0	0
G78903	0.120552418368526	0	0	0	0	0	0	0	0	0	0	0	0	0	0	0	0.0228896768955804	0	0	0	0	0	0	0	0	0	0	0	0	0	0	0	0	0	0.00010344463636059	0	0	0	0	0	0	0	0.855833992367707	0	0	0	0	0
G78904	0.0266363598535286	0	0	0.853085209304261	0	0	0.000538144653282802	0	0	0	0	0	0	0.00748841288538359	0.000563751536412988	0	0	0	0	0	0	0	0	0	0	0.00335440166316706	0	0	0	0	0.00370409566091365	0	0	0	0.0011635127522278	0	0	0	0	0.0461097943127113	0	0	0.000289077704086859	0	0	0	0	0
G78905	0.000125520070659298	0	0	0.0628730534012389	0	0	0	0	0.000103916616266941	0	0	0	0	0	0	0	0.307190719796095	0	0	0	0	0.000287045898639192	0	0	0.000328852583528106	0	0	0	0	0	0	0	0	0	0.00181549029689847	0	0	0	0	0	0	0	0.626125417454251	0	0	0	0	0
G78909	0.0438096128015418	0	0	0.745819087821716	0	0	0	0	0	0	0	0	0	0	0	0	0.0113102375798181	0	0	0	0	0.000371665539831441	0	0	0	0.000299633456741633	0	0.000286427574841835	0	0	0	0	0	0	0.188935551894814	0	0	0	0	0	0	0	0.00272871536982572	0	0	0	0	0
G80277	0.00231911954611904	0.0167940043340594	0.00880788518680048	0.118931347468871	0.0120455552145724	0.392261432612129	0.0051305773412392	0	0.030592500127493	0.00122433321180173	0.00307606205145145	0.000101693797870602	0.000225730173992578	0	0.0121041669108821	0.000321011752095969	0.00412816704794327	0.00202606106457075	0.0196894221317565	0.00649507766951479	0.00223155266992307	0	0	0.000739409091906446	0	0	0	0.00385584808970455	0	0	0	0	0	0	0	0.028535981019028	0.00193939590677955	0.0176502360548497	0.212646841085056	0	0	0	0	0.000662863218435372	0.00448424562689117	0.0158334738511181	0.000317805642212364	0.00189701514175564
G80300	0.0222543129297017	0.00498117659492529	0	0.103825670929088	0	0.132834011354893	0.00112952440277123	0.00128184906527502	0.0277194856270372	0	0	0.00232530302799811	0.00665744845581624	0.000766227080242471	0.00127594423276009	0.00260943556206399	0.373229050655056	0.00239065651329048	0.00147800960305914	0.000640123877381249	0.024476231347735	0	0	0.000241297477855877	0	0	0	0.000404831313947335	0	0	0.0102312732740475	0	0	0.000102684036615566	0	0	0	0.167600264056104	0.00533766834777582	0.00933724159852423	0.0285975041974352	0	0	0	0	0.0225875856801206	0	0.00488129485170664
G80315	0.000363150742701842	0	0	0.0645701444633079	0	0.0899970042817145	0.0178181158453873	0	0.155276228855255	0	0.0291590922653197	0.00505807808652099	0.0153957091542022	0	0.0178309317524912	0	0	0.00819637333858786	0.0535566745444446	0.0435151109557182	0.0030211498511953	0	0.000552285496758577	0.00225740188722242	0.000402399458207527	0.000428732142335066	0.0760947488022133	0	0	0.00120079042107063	0	0.000157195110571241	0	0	0	0.0807986873307149	0	0	0	0	0	0	0	0.0173212991965628	0.161712717825365	0.0358589080767048	0	0
G80324	0	0.0517691519032687	0.000135047090920604	0.055052396770754	0	0.000305906669655709	0	0.00280557830515501	0	0	0	0	0	0.00651687243341753	0.00150002305804034	0.000400739737946622	0.140391754604831	0.0144450369843965	0.00148051625601847	0.0431615504326359	0	0	0	0	0	0	0	0	0	0	0.0245212505600703	0	0	0	0	0.101732574148606	0	0.298025821603993	0.0132075054571529	0.00181223192527234	0	0	0	0	0	0	0	0
G80367	0.0412380333116591	0	0	0.202783374180963	0	0	0	0	0	0	0	0	0	0	0	0	0	0	0	0	0	0	0.000356924923723303	0.00645525934076927	0	0	0	0.19809983494223	0	0	0	0	0	0	0.00129835442404842	0.0323069074175962	0	0	0.497248236882909	0	0.000843095083279148	0	0.00224498574501075	0	0	0.0169300255089281	0	0
G80382	0.00423139837737085	0	0	0.343292806031319	0	0	0	0	0	0	0	0.00461402962530206	0	0	0	0	0.186188144706587	0	0	0	0	0	0	0	0	0.00463177280866172	0	0.00190353281817287	0	0	0	0.000793230564547997	0.000264744334761944	0	0.00133504924284724	0	0	0.223468076604841	0.0362078225986406	0.00164700848926116	0	0.00668206280445348	0	0	0	0.076436030009838	0	0
G80394	0.0322879002858636	0	0	0.621944202832673	0	0	0.00143576899001012	0.0112723267528588	0	0	0.00301285461298795	0	0.0011526356652178	0	0.00953552233097836	0.00234947653338798	0.136051213227797	0.00100211794928263	0.00168089784167597	0.000346640799622116	0	0.000176020717638466	0	0	0	0	0	0	0	0.000692081457987605	0.0152035894624797	0	0	0	0.0383553144205073	0	0	0	0.000910807202007676	0.0070783331198082	0	0	0	0	0.000387945661204324	0	0	0
G80398	0	0	0	0.0250093534549878	0	0.00496990742754835	0	0	0	0	0	0.00356376386029014	0.0125070769725589	0.380521751270805	0	0	0.0450553001461449	0.000327133400320173	0	0.215718224830755	0.00335764281533145	0	0.038436424358927	0	0	0.0476753676550376	0	0.0025087561440023	0	0.0062609392418966	0	0.00738505401401483	0.0200749496523595	0	0.000481749186591951	0.08901318824652	0	0	0	0	0.00262916843809753	0	0.0305814223632233	0	0	0	0	0
G80406	0.0109253116623546	0	0	0.038078451071556	0	0	0	0	0.499279321127504	0	0	0	0	0	0	0.00218294180615629	0.0509336417298774	0.018558406196418	0	0	0	0	0.00139334582843462	0.00574552603956302	0	0	0	0.0395262104054226	0	0.000864514572516899	0.00248211606120639	0.000328181454637041	0.00410191809607145	0.00559818947062661	0	0	0	0.046519046027224	0	0	0.00178624334559838	0	0.101786563425042	0	0	0	0	0
G80451	0	0	0	0.0577395315004842	0	0	0.000235044939810346	0	0	0	0.00441561600876645	0.000175280953408056	0	0.0199182536963173	0	0	0.000947900945404094	0	0.000130457963606339	0.000368912258345675	0	0.000754670741046357	0	0	0.000409222866623729	0	0	0	0	0	0.000267734637070658	0	0	0	0.0101923668353595	0.0174821693244092	0	0	0	0	0	0	0	0	0	0.141615980087763	0	0
G80453	0.321459001071115	0	0.00560597119264291	0.462743320488025	0.00084432700785014	0	0.000565619064263589	0.0572693804310409	0	0.00103840217316167	0	0	0	0	0.0468828577307991	0	0	0	0	0	0	0.000305718404738155	0.000133551724582931	0.0036221028404301	0	0	0	0.00935822444032574	0	0.000169465634040064	0.00543950672095302	0	0	0	0	0	0	0	0	0	0.0261167150037209	0	0	0	0	0	0.00275986889722389	0
G80456	0.0374906818983758	0	0.00491787024224856	0.360625686689395	0.00125987558201756	0	0	0	0	0.00076772727436947	0	0	0	0	0.239574665040088	0	0	0	0	0	0	0	0	0.125180190107337	0	0	0	0.00054483547353619	0.000327764350077214	0.000192082353352048	0.000504291444928966	0	0	0	0.00291806613814916	0	0	0	0.000129359536818594	0	0	0	0	0	0	0.152238612446856	0	0
G80457	0.0340634533093329	0	0	0.0131943862425618	0	0.0687837905684347	0	0	0	0	0	0.0360265041872351	0.0667534310884931	0	0	0	0	0	0	0	0.0541201165508952	0	0	0	0	0.000263633692385887	0	0	0	0	0	0	0	0	0	0	0	0.00718741855209096	0	0	0	0.00012941653943374	0	0	0.697192401188872	0.0216850713521188	0	0
G80459	0.535562246443775	0	0	0.252642374735763	0	0	0	0	0	0	0	0	0	0	0.0851896914810308	0	0.0281239971876003	0	0	0	0	0	0	0	0	0.00365469963453004	0	0.0607188939281106	0	0	0.00124909987509001	0	0	0	0.0213696978630302	0	0	0	0	0	0	0.00512299948770005	0	0	0	0	0	0
G80464	0.0352724	0	0	0	0	0	0	0	0	0	0	0	0	0	0	0	0	0	0	0	0	0	0	0	0	0	0	0.0190248	0	0	0	0	0	0	0	0	0	0	0	0	0	0	0	0	0.8437779	0	0	0
G80465	0.0780658972427398	0	0	0.00921250398560741	0	0.0947138343883608	0	0	0	0	0	0	0	0	0.00390299481641002	0	0.00462580497267784	0	0	0	0	0	0	0	0	0	0	0.00846438997303189	0	0	0	0	0	0	0.000291244385644372	0	0	0.000816924499293692	0.795303504254048	0	0	0	0.000972348185863526	0	0	0.00126219235811538	0	0
G80467	0.0556705893191167	0	0	0.193255454396161	0	0.00108707407244223	0	0	0.000107045153227777	0	0	0.00574118504692363	0	0	0	0	0	0	0.0153078574547086	0	0.139651367253996	0	0	0	0	0.00176108803537597	0	0	0	0	0	0	0.000111851670865694	0	0	0	0	0.00845716791969911	0.24312477719788	0.000484156516236016	0.00159886806509627	0.00239705040034286	0.00020938392460176	0.0681893647786398	0.0148033733742955	0.0253916310517061	0	0
G80468	0	0	0	0.000323786774855661	0.000199953587561466	0	0	0	0.221255396446248	0.00215097646169173	0	0	0	0	0	0	0.0254358167989021	0	0	0	0	0	0	0	0	0	0	0.0086373148003665	0	0	0	0.000647573549711323	0.00185289657628244	0	0	0.0232951430983504	0	0	0	0	0	0	0.379780281115339	0	0.335202334225572	0	0	0
G80470	0.000147907277368734	0	0	0.076674391047401	0	0.00337681533385609	0.00190084901382622	0.00700475237305502	0.00180945915138701	0	0.00175013590734751	0	0	0.00564763295746914	0.000234386938865493	0.00714925257221878	0.0785236328472401	0	0.00237343080249218	0.00827439004531915	0	0.000274269795500152	0.000160232883816128	0	0	0	0.00128947889239896	0	0	0	0	0	0.000119548361721476	0	0	0.279059846831793	0	0.0946941270489442	0.00852761612249448	0.0160256933779928	0	0	0	0	0	0.0567459897937966	0	0.00187549634365394
G80472	0	0	0	0	0	0	0	0	0	0	0	0	0	0	0	0	0	0	0	0	0	0	0	0	0.00289691374307043	0.026751714556619	0	0.396447462092102	0	0	0	0.0643728823426501	0.189090715582007	0	0	0	0.000306286035747441	0	0	0	0	0.0706257387700205	0	0	0	0	0	0
G80475	0.135819984045664	0	0.0108216842945807	0	0.00896391231676317	0	0.0107144685982028	0	0.000231533896562457	0.00167124467021972	0	0	0	0	0.0978135198993133	0	0	0.00528617389585835	0	0	0	0.000118717380224465	0.00425032224717699	0	0	0.000208530528869426	0	0.0982422826701829	0.00925275460327392	0	0	0.00226263124921489	0.0104613315389373	0	0.000337849461161114	0	0.000382656020841451	0	0	0	0	0	0.000209530675290863	0	0	0	0	0
G80480	0.0228057675731871	0	0	0.405436501553017	0	0.000115345861514538	0	0	0.000653559855398506	0	0	0	0	0	0.00018367302839609	0	0.554556791780412	0	0	0	0	0.000668265702443291	0.00019847891521669	0	0	0.000167266505162453	0	0.00107782854462934	0	0	0	0	0.000365345261275883	0	0	0	0	0.00529890684536172	0	0	0	0	0	0	0	0.00472387821397788	0	0
G80481	0.12602437413659	0	0	0.111512822854746	0	0.0161628014346125	0	0	0.126553435888634	0	0	0.031069168933919	0	0	0.0143971568419956	0	0	0	0	0	0.151736053427918	0.000138255856749688	0.00202431037246769	0.00559449968273339	0	0	0	0.00623434658467429	0	0	0	0	0	0	0.00160092060955694	0	0	0.0245533979910893	0.0147376331940782	0	0	0	0	0.0533965373474787	0	0.0904150192179651	0	0.142372051423158
G80484	0.0120772158858129	0	0.000490850172513071	0.0287165864127469	0.000690392526028068	0.363474902995797	0.0134143698114235	0.0243358612033825	0	0	0.0232046542003065	0	0	0.0162849176602588	0	0.00629629177455196	0.0309980139831756	0.0775537268287196	0.0559518160255526	0.0126624333799733	0.0155821162817554	0	0	0	0	0	0.00222848980462662	0	0	0	0.00031422416752111	0	0.000108277244986573	0	0	0.130981342089447	0	0	0.0135301524107298	0	0	0	0	0	0	0.0184441580623617	0.0109452083116095	0
G80488	0.165538716258664	0.317450879102947	0.00169840406048139	0	0	0	0	0	0	0	0	0	0	0	0.0233608349724558	0	0	0.069392837807565	0	0	0	0	0	0	0.000184698314913028	0	0	0.139239817354778	0.0022653058222892	0	0	0.000166988888185181	0.000174793042336436	0	0.00925012384092052	0	0.199223546693905	0	0	0	0	0	0	0	0	0	0	0
G80489	0	0	0	0	0	0	0	0	0	0	0	0	0	0	0	0	0	0	0	0	0	0.00171172065711816	0.00844829884935056	0	0.0024903578708321	0	0	0.00151022988565574	0	0	0.00100965594224612	0	0	0	0	0.0179338797973922	0	0	0.4751439663073	0	0	0	0	0.156089685714434	0	0	0	0
G80490	0.000238134315154814	0	0.0413627603737699	0.0542828221546725	0.0105774242068282	0	0	0	0	0.00636511721339045	0	0	0	0	0	0	0	0.0714219919090341	0	0	0	0	0	0	0	0	0	0.660053513711326	0	0	0	0	0	0	0.00163353539245005	0	0	0	0	0	0.00404378270908838	0	0	0	0	0	0	0
G80491	0	0	0	0	0	0	0.0324548519987229	0	0	0	0	0	0	0	0	0	0	0	0	0	0	0	0.00631283076624756	0	0	0.0247946676576209	0	0.127653796768533	0	0.00456365245081574	0	0.00389767997240857	0.00324021225071182	0	0	0.242297817169143	0.0287690905523459	0	0	0	0.000208716735270037	0.00718021589474993	0.477920901160019	0	0	0	0.00501320388493284	0
G80492	0.00788547137650046	0	0	0.0103236558837413	0	0.00674293515423939	0	0	0.708740327045364	0	0	0.0140062511752352	0.0147837202048179	0.00121979276632567	0	0	0	0	0	0	0.0649086066091773	0.000331742802557192	0	0.00221492110075364	0	0	0	0	0	0	0.000182033230121126	0	0	0	0	0.00147367858535662	0	0	0	0	0	0	0.0696352660512229	0.00172716411141314	0.0588657838672124	0.0170844040753427	0	0
G80493	0.0238662440978979	0	0	0.0115709817079857	0	0	0.00131769257921964	0	0	0	0	0	0	0	0.0300738067928503	0	0.0162162232469386	0.00415588433280532	0	0	0	0	0.0332024512083551	0	0	0.00715986322411059	0	0.00105565485219031	0	0.00157592830791864	0	0.000117461737889435	0.000197003545063285	0	0	0	0	0.0412352732596253	0.0738980408102499	0.0019846431284283	0.000556692597629314	0.000919183122649264	0	0	0	0	0	0
G80494	0	0.548211161859902	0.000148449221157107	0.240985438562843	0	0	0.00106757312450475	0.00142813556186679	0	0	0.000264666042305726	0.000303805385173176	0	0	0.000968573610192966	0	0.0384964966784612	0.000882086673524227	0	0	0	0	0	0.000439041324339226	0	0	0	0	0	0	0.000330031747913002	0	0	0	0	0	0	0.102426459076664	0.00168799677435758	0.00650193574581169	0	0	0	0	0	0.0249741039693099	0	0
G80495	0.00895145874196748	0	0.000171652616341189	0.02409922662239	0	0	0.00409313921007167	0	0	0	0	0.0248972361326455	0	0.0116689748855708	0	0	0.00480957619419426	0.00131456878310506	0.0409434027794112	0	0.0267530861689128	0	0	0.00106855004784754	0	0.00340292554109859	0	0.00174224903361579	0.00105443750038159	0.000365424899277948	0	0	0	0.00421384653095067	0	0	0	0.0101245016944565	0.544458778299786	0	0	0.0123840106238457	0.000285053441014406	0	0.0961436813470857	0.00904954595130531	0.000267738045896607	0
G80496	0.5115855	0	0	0.0192709	0	0	0	0	0	0	0	0.0194569	0	0	0	0	0	0	0	0	0.0809192	0	0.0039468	0	0	0	0	0	0	0	0	0	0	0	0	0.0791505	0	0	0.224942	0	0	0	0.0564186	0	0	0.003195	0	0
G80498	0.762870521686613	0	0	0	0	0	0	0	0	0	0	0	0	0	0	0	0	0.0776966504885542	0	0	0	0	0.0020897312096735	0	0	0	0	0.025728640220344	0.111312195560111	0.00391189440355738	0	0	0	0	0	0	0	0	0	0	0	0	0	0	0	0	0	0
G80499	0.0189988808124807	0	0	0.0319949194948182	0	0	0	0	0.935208755129193	0	0	0	0	0	0	0	0	0	0	0	0	0	0	0	0	0	0	0.0117653225113532	0	0	0.000381898109624363	0	0	0	0	0	0	0	0	0	0.00126972619265889	0	0.00014073615511825	0	0	0	0	0
G80500	0.100961168096567	0	0.0352699428473554	0	0.00815790321447859	0.114313993183622	0	0	0.000153971781644603	0.0050060338129636	0	0	0	0	0.0565722739941361	0	0	0.0104867889410043	0	0	0.0169580058223144	0.000436303404647247	0.000639898320597062	0.008092772850703	0.000960947993954782	0	0	0.240635084076196	0	0	0.000458213619189266	0	0.000229106809594633	0	0	0	0	0	0	0	0	0	0	0	0.258395764105226	0	0.0425540386928386	0
G80501	0	0	0.00320207269435261	0.00745709812787284	0.000271691016490524	0.0156982589167371	0.000589697548678807	0	0	0.000358119970190014	0	0	0	0	0	0	0	0	0	0	0	0	0	0	0	0	0	0	0	0	0	0	0.00074264878734376	0	0	0	0	0.00342774829567905	0	0	0	0	0	0	0	0	0.00127632756973586	0
G80503	0.139812172765051	0	0	0.00125698226242805	0	0	0	0	0	0	0	0	0	0	0.0361050352301084	0	0	0.00597086577553745	0	0	0	0	0.00106335418635702	0.00455266013571968	0	0	0	0.566205799840977	0.0251973536162744	0.000176125538203039	0	0.00314555610563532	0.00291582279430517	0	0	0	0.00187987258152432	0	0	0	0	0.000112816358371964	0	0	0	0	0	0
G80506	0.792511979251198	0	0	0	0	0	0	0	0	0	0	0	0	0	0.181698718169872	0	0	0	0	0	0	0.000744600074460007	0	0	0	0.000542000054200005	0	0.0240878024087802	0	0	0	0	0	0	0	0	0	0	0	0	0	0	0	0	0	0	0	0
G80509	0.0505838148317346	0	0.00264066817037076	0.0780270980828323	0.000367006762267144	0.0578008142568673	0.0282419155732403	0	0	0.000798132176650188	0	0	0.00202048775988935	0	0	0	0	0	0	0	0.0186330203456185	0	0.00158376071599228	0	0	0	0	0.0787359042745535	0	0	0.000436627014798605	0	0	0	0.00170689653620238	0	0.0192114886220402	0	0.405713522063568	0.00161086860167623	0	0	0	0.0543879214463487	0	0	0	0
G80511	0	0.000106897490511346	0	0.0439507831142001	0	0	0.219156670883846	0	0.00010179283506558	0	0.00634678827090306	0	0	0	0.210663525134923	0	0	0.0028867327002226	0.0870836202616787	0	0	0.000498654773153116	0.00159775715452493	0.0138384206396233	0.000177561936486075	0.0270426629085726	0.0372050309882613	0.00194387281200455	0.0180472591002995	0.000283558605448169	0.00030858142626075	0.0154503907563698	0.0175373941034223	0.243523993882421	0	0	0	0	0.000540593020835001	0	0	0.0102305302435821	0	0	0	0	0	0
G80514	0.000138813173370153	0	0.0633758143647832	0.0292573765250322	0.0193491362330285	0	0	0	0	0.00919967304897235	0	0	0	0	0	0	0	0	0	0	0	0.00139083198995585	0	0	0	0	0	0.00743770583828405	0	0	0	0	0	0	0.000130512385625396	0	0	0	0.687144810042473	0	0	0	0.17728162402612	0	0	0	0	0
G80515	0.138278735651438	0	0	0.228200272162508	0	0	0	0	0	0	0	0	0	0	0	0	0.0295230415555366	0	0	0	0	0.00012621043760319	0.0484317053020285	0	0	0.000201216640616179	0	0.172668779708082	0	0	0	0	0	0	0.00184885290013484	0	0.00309415588669183	0	0	0	0.000418434604541796	0	0.00819757793969561	0	0	0	0	0
G80516	0.181896792876206	0	0	0.678845304970704	0	0.00035217171893015	0	0	0.0328546199126694	0	0	0.0153043624071097	0	0	0.0013487576542322	0	0.0539384003640175	0	0	0	0	0.00225279846453131	0	0	0.00333422576848471	0	0	0.00111254247571116	0	0	0	0	0	0	0	0	0	0	0.0212851786531113	0	0.0014571104870735	0	0.000502344943394399	0	0	0	0	0
G80517	0.224438882787071	0	0	0.197639196480551	0	0	0	0	0.509227249720417	0	0	0.000657295874170503	0	0	0	0	0.0147480949322898	0	0	0	0.00108202244268792	0.000113633862891142	0	0	0	0	0	0.0210650773930631	0	0	0.000511152323392371	0	0	0	0	0	0	0	0	0	0	0	0.00769909433011037	0	0.0185820374471593	0	0	0
G80520	0.0596506313635516	0	0	0	0	0.1071590480771	0	0	0	0	0	0	0	0	0	0	0	0.00250710829171325	0	0.0297961062646597	0	0.00296895719179864	0.00514605908945044	0	0	0	0	0.00451905694395873	0	0.000353213876153672	0	0.000312200653490685	0.00222521741009301	0	0.000784953068869403	0	0	0.204331076339012	0.543836232801455	0.000704927268551381	0.0108138863969744	0	0	0	0	0	0	0
G80522	0.0228133649883374	0	0	0.01290582476277	0	0.928946957066226	0	0	0	0	0	0	0	0	0	0	0	0	0	0	0	0	0	0	0	0	0	0	0	0	0	0	0	0	0	0	0.009250377860859	0	0	0	0	0	0.026083475321808	0	0	0	0	0
G80524	0.174249864615824	0	0	0.0907508672040549	0	0.0564977951862759	0	0	0	0	0	0	0.15001967359933	0	0	0	0.0825504828160389	0	0	0	0.12569434099645	0.000255611727886259	0	0	0	0.00161820731841888	0	0	0	0	0	0	0	0	0	0.0099795620665793	0	0	0.177028579191965	0	0	0	0.0388101639226506	0	0.0804187510360779	0.00917100864787999	0	0
G80528	0.135517658773062	0.0250421483327131	0	0.227915889648766	0	0.0092196507239287	0.00146679900110778	0	0.238074115625467	0	0	0	0	0	0.000968793773703903	0	0.000171905360795632	0	0	0.00375219972321036	0	0.000453577997954947	0.00349073947422375	0.000468487135765511	0.00116401342382746	0.00539840868468284	0	0.0522999546422002	0	0	0	0.00234363641475861	0.00543983407430414	0.000333904650160083	0.000253555404107177	0	0	0.226227254684396	0.000106865497863641	0	0.00534887832752694	0.00838353827060605	0	0	0.000127077886036352	0.0184155869132191	0.000729447078114176	0.00502347889021181
G80530	0.000227103338419075	0	0.0982444441933296	0.113892574220841	0.0164549418876457	0.157961122028494	0	0	0	0.0264065881768462	0	0.437725934571238	0.0798545738622358	0	0	0	0	0.0137188016663845	0	0	0	0.000876412883269384	0	0.00344575065253459	0.00210633096306516	0.00211373107184676	0	0	0	0	0.000328304826080943	0	0.000477907025233271	0	0.000831212218819617	0	0	0	0.000107201575863165	0.00861272660708112	0.000609008952431601	0	0	0	0.0347605109795114	0	0	0
G80532	0.00274770928347358	0	0.000192991960669259	0.00599715764561814	0	0.13135549089141	0	0	0.168995426320642	0	0	0.0836764718388312	0	0	0.0319360175123446	0	0	0	0	0	0.00631570943554604	0.0034342364136511	0.0110299557739263	0	0.000138465979039012	0.00455026820279863	0	0.00111293031129333	0	0	0	0.000214902400994074	0.000586079266770616	0	0	0	0.00240604648114827	0	0	0.00028563610560432	0	0	0.0870239669202375	0.0115771164960103	0.43005241997812	0.005730130407139	0	0
G80533	0.00196506882293588	0.0774546700377384	0	0.00281657529898784	0	0.000117169692533119	0.00593843217946034	0	0.702902186220364	0	0	0	0	0	0.015007426417233	0	0	0.00244615497297793	0.0231393632932868	0	0	0	0.00321781395574087	0.00372241409190186	0	0.00696584328358508	0	0.0130756774129252	0.000576442868218016	0	0	0.00432777416007041	0.00725111296198979	0	0	0.0248254661872882	0	0	0	0.000798675051920883	0	0	0	0	0	0	0	0
G80536	0.310081029984433	0	0.000237713085819637	0.059781281904159	0	0.004058266675583	0	0	0	0	0	0.00168835443492311	0	0	0.00149064452128485	0	0.000351506570596225	0.0201689176555254	0	0	0.0172016648137211	0	0	0	0.000665315916279677	0	0	0.00028513539269129	0	0.000221571454939434	0.000329048649371594	0	0	0	0.00343365574152296	0	0	0.213212596607911	0.00189388451755924	0	0	0	0	0.00101872739983692	0	0.108464340380275	0	0.0986767973279886
G80540	0.196192279627913	0.000447675027972181	0.000585020765534308	0.145089954951199	0	0	0	0	0.0627603950551931	0	0	0	0	0	0.00823203501235161	0	0.157974526770356	0	0	0.00220463934280665	0	0.000196708727630889	0.00568743493721188	0.000807056367511567	0	0	0	0.000257973735931197	0	0	0	0.000522654588784159	0.00147716742235186	0.0363112298459896	0	0	0.0620016899932518	0.156188131226044	0.0107165713538636	0.000683425182461109	0	0	0	0	0.108237851183891	0.0295938019832845	0.00118435672091656	0
G80543	0	0	0.00016415612497913	0.062001798414878	0	0	0	0	0.51398243059302	0	0	0	0	0	0	0	0.0563204559638941	0	0	0	0.0563108526805315	0.00673650321044765	0.000346218372061408	0	0.0480163167787066	0	0	0.00728339019110634	0	0	0	0	0	0	0.00152502140481831	0	0.000639518651426923	0	0.0151980962291007	0	0.0110242691976387	0	0	0.0383087977779603	0	0.0157743932650573	0.001383773112027	0
G80545	0.00341069291182344	0.0208383005722259	0.00135645626376159	0.0539853191087613	0.00372862953812279	0	0.00449821819473603	0.00225836016309079	0	0.000348640163346818	0.0251585982705208	0	0	0	0.0205049621716422	0.0239565597956885	0.0194517408405448	0.0201879256490348	0.00269080998130985	0	0	0	0	0.000959110489528394	0	0	0.00588017739643607	0	0.00721543121767628	0.00136445718546777	0.00313876158533463	0	0	0	0	0	0	0	0	0.00173539991807056	0	0	0.0544018670950894	0	0.330928022908239	0	0.00131515150545343	0
G80555	0.000919066626779435	0	0.00480097041593641	0.00170320879175394	0	0	0	0	0.000158928813793941	0	0	0	0	0	0	0	0	0	0	0	0.0735062266788969	0	0	0	0.000200136284708418	0	0	0.000232242105493726	0	0	0	0	0	0	0	0	0	0	0.000208037717238135	0	0	0	0	0	0.833255969307235	0	0	0
G80556	0.494199373052792	0	0.000274255646470669	0.0559374497085459	0	0.0253315397694192	0	0	0.134560302285334	0	0	0	0	0	0.0235240730344187	0	0.0849655395079662	0	0	0	0.0629618749644303	0	0	0	0	0.00208322268588297	0	0.0190714696011821	0	0.000124725306764743	0.00074645145500022	0	0	0	0.0011175267461768	0.0022186501641183	0.00384167947676584	0	0	0	0.000118023947058858	0	0.000110222364117679	0	0.0222605166588301	0	0	0.053304415465898
G80562	0.0325083383887967	0	0	0.0947190954479824	0	0.0321787538503626	0.00785351442645038	0	0.00169903580268339	0	0	0.00503469139834367	0.00783871062927641	0	0.0342504852494665	0	0	0.00993414810898996	0.123213004135561	0.0656413370029413	0.0178035666148367	0	0.00405974132364952	0.000285173146912183	0	0.00437452206490965	0.00857890048797517	0	0.000297476302671635	0.000859520466999786	0.000790102661332632	0.000529235748969611	0.000422408347741196	0	0	0.0248131645767139	0	0	0.0863922596145911	0	0	0	0.00377626861289921	0	0.000614457608376549	0	0	0.016609160249604
G80563	0.0224256368447114	0	0	0.0142572187404655	0	0.050146700611711	0	0.00324942105026234	0.273292485907638	0	0	0.110281447099249	0.00245294626646193	0	0	0	0	0.00186144219755816	0.0038740365426072	0.00551260184763743	0.0116359143904647	0	0	0.00122562283987976	0	0.0038226188034872	0	0	0	0	0.0017818147260805	0	0	0	0	0	0	0.00758101545033036	0.000839389589408346	0	0.000482966623485102	0	0.403098368937283	0.0447852509115645	0.000201469506979908	0	0	0
G80566	0.00034802302613974	0	0.0797687982701885	0.073081734393108	0.00755797174301115	0	0	0	0	0.00424430036017732	0	0	0	0	0.000134247456475864	0	0	0	0	0	0	0.00222648706317683	0	0	0.00110559082635712	0	0	0.0005280866786409	0	0	0	0	0	0	0	0	0	0	0	0	0	0	0	0	0.831004760182725	0	0	0
G80567	0.0176918274409093	0	0	0.0322534176666383	0	0.000531693164126527	0	0.000208475739236064	0.139792486610386	0	0	0	0	0.0422719574021242	0.197303980536129	0	0	0	0	0	0	0.00492929081135176	0.00330059910765581	0.0102037070067556	0	0.000859412224461147	0	0.0162829155832314	0.00237726365988764	0.00110960311881306	0.00113131100528822	0.000307211609977905	0.000124745319974747	0	0	0.201924059010639	0	0	0.106569916850792	0	0	0	0.182878939918873	0	0	0	0	0
G80568	0.0909090090909009	0	0	0.0811583081158308	0	0	0	0	0	0	0	0	0	0	0.722017672201767	0	0	0	0	0	0	0	0.00281060028106003	0	0	0.000689900068990007	0	0.00833480083348008	0	0	0	0	0	0	0.00148550014855001	0	0	0	0	0	0	0	0	0	0	0	0	0
G80569	0.00225285357952235	0	0.0175621745473861	0.000428143213905051	0	0	0	0	0	0	0	0	0	0	0.000412537993958979	0	0	0	0	0	0	0.0183967537141174	0	0	0	0	0	0	0	0	0.00180520384068471	0	0	0	0.0376461926514419	0	0.0646842368772354	0	0.000412838094342558	0	0	0	0.000178959862073864	0	0.000310403830081162	0	0	0
G80570	0.0004211543530704	0	0.0315303558754283	0.192578680086252	0.010903696204659	0	0	0	0	0.00408279634486039	0	0	0	0	0.00902390726201153	0	0	0	0	0.00152725974069496	0	0.000158758184874757	0	0	0	0	0	0.00064823757907273	0	0	0.000648337615736167	0	0	0	0	0	0	0	0.394079630184463	0	0.00752875929027989	0	0.0103080779105542	0.335194548802136	0.000125045829296437	0	0	0
G80572	0.000308453146987479	0	0	0.0113858530760523	0	0	0	0	0.000399798499955228	0	0	0	0	0	0	0	0	0	0	0	0.371295448190026	0	0.000118458814801549	0	0	0	0	0	0	0	0	0	0	0	0	0	0	0	0.000389593433139554	0	0.000792093274310695	0	0	0	0.614837466802267	0	0	0
G80575	0.000396276520996204	0	0	0.00464039606047928	0	0	0	0	0	0	0	0	0	0	0	0	0.0221784826650026	0	0	0	0	0	0.000596315148455167	0	0	0.00022364318549912	0	0.000199738569517774	0	0	0	0	0	0	0.00488144260656733	0	0	0	0.796364477980698	0	0.00122133583995069	0	0.167747292002086	0	0.000403777969525915	0	0	0
G80576	0.00303023454015341	0	0	0.96930112390699	0	0	0	0	0	0	0	0	0	0	0	0	0.0149202548277237	0	0	0	0	0.00286672188427384	0	0	0.00648650205525908	0	0	0	0	0	0	0	0	0	0	0	0	0	0.00050483907454437	0	0	0	0.000394930567625934	0	0.000221417137686457	0	0	0
G80578	0.00106828684336891	0	0	0.00597504503537669	0	0.298556017447452	0.0275027102240182	0	0.000866851612346999	0	0	0.00011201959222668	0	0	0.00182561930081571	0	0.000267546793934259	0.00300432545652235	0	0	0.000376965931341392	0	0	0	0	0.00326567116588691	0.000283549592823785	0	0.00180161510248142	0	0.00056919955300182	0	0	0.165276706896036	0	0.00751871502325757	0.000102417912892965	0	0	0	0	0	0	0	0.000708323885847635	0	0	0
G80579	0.00294766145288919	0	0.00033772161355304	0.0139579262492424	0	0.000226181447939403	0	0.00148523483306339	0.000234284365800125	0	0	0	0.0538458899049548	0.0300759303425163	0.0251743652889405	0	0.000330619055922038	0.00171471746976086	0	0.00807720860281787	0.000174262752017001	0	0.0221682827986358	0.00270537420525131	0	0.00113090723969701	0	0.0083396030910731	0	0	0	0	0	0.0118008494858999	0	0.000135548811126887	0.000127545929289137	0	0.22515537845178	0.000489076116309483	0.000323216390222119	0.00036763238442163	0	0	0.000206274279368	0	0	0
G80581	0.000882239482062114	0	0.353201741195283	0.000412665242374819	0.100017412752956	0.000289445761374873	0	0	0.000324351279937358	0.0951673459573959	0	0	0	0	0.000119418880124948	0	0.000140722248187438	0	0	0	0	0	0.000781323527249658	0	0	0	0	0.000884339814124613	0	0	0	0	0	0	0	0	0.29669410733837	0	0.000428967819812312	0	0	0	0	0	0.00120849106243697	0	0.00187199596256168	0
G80582	0.023938053345153	0	0.0135704073452394	0.00120919867061152	0.000346428268546713	0	0.00041083352401556	0	0.00054484445930788	0.000361729517128598	0	0.000119509751995763	0	0	0	0	0.000380431043173123	0	0	0	0	0	0	0	0	0	0	0.176096469471909	0	0	0	0	0	0	0.00720228770667686	0	0.000899473397029198	0	0	0	0	0	0.000134610984256315	0	0.000410733515854894	0	0	0
G80584	0.00113849042890841	0	0	0.0115179382260415	0	0	0.0110715243458606	0	0.254928832345131	0	0	0.481289376920052	0	0	0.00466098901829857	0	0.00993983565207484	0.0108027557830002	0	0.0111368410081412	0.000261766776704737	0	0.00977859451946191	0.000542538401546234	0	0.000652166367640385	0.0126729328651739	0.00100965756364449	0.000346888491254119	0	0.00028717325789809	0.000439312068508677	0.00126712324313932	0.0101931002598763	0	0	0	0	0.00031688083630134	0	0	0	0.00412955344908486	0	0.000165542229822828	0	0	0
G80587	0	0	0	0	0	0	0	0	0	0	0	0	0	0	0	0	0	0	0	0	0	0.00780640078064008	0	0.684498468449847	0.0114997011499701	0	0	0	0	0	0	0	0	0	0.000817200081720008	0	0	0	0	0	0	0	0	0	0	0	0	0
G80588	0.000659018069079058	0	0.398888992367574	0.0373046441067349	0.102276343241979	0	0	0	0	0.0246718639197711	0	0	0	0	0	0	0	0.00640571965263306	0	0	0	0	0	0	0	0.000958217074029796	0	0	0	0	0.000108335848332213	0	0	0	0	0	0	0.0103113120131452	0.176929646019868	0	0.000429642168593588	0	0	0	0.000113437536480821	0	0	0.240289411766353
G80591	0.208418946214872	0	0.0553485153621067	0.00178664273006851	0.0172794818556038	0	0	0	0.00118779433543632	0.0133933188644146	0	0	0	0	0.000198549200491882	0	0.000150537303143719	0	0	0	0.360980350930961	0.000782193827630487	0.00637718026526973	0.000245360800406341	0.00016254027748076	0	0	0.00306736009183076	0	0	0	0.000765089589200204	0.00140024698120194	0	0	0.0020082976561592	0	0	0.000304375424230124	0	0	0	0	0	0	0	0	0.324431494124244
G80593	0.000163971425953145	0	0.00123073610864893	0.0008735805316796	0	0	0	0	0.00036455880181407	0	0	0	0	0	0	0	0.000221796614605322	0.140970806883478	0	0	0	0	0	0.0178253647288759	0	0	0	0.723775176466869	0	0	0	0	0.000301731434212743	0	0.00122723458338452	0	0.00510682453276647	0	0	0	0	0	0	0	0.000651483786337328	0	0	0
G80594	0	0	0	0.575627924446253	0	0	0	0	0	0	0	0	0	0	0	0	0.208363323161985	0	0	0	0	0.000586315748799389	0	0	0	0	0	0.010478104104931	0	0	0	0	0	0	0	0	0.00313649394594203	0	0	0	0.00216247102707263	0	0.0965806289765512	0	0	0.08610983254614	0.00239501524501031	0
G80599	0.539919703344021	0	0.000639268913188842	0.178915987143414	0	0.000349537680161921	0	0	0.000482251986764173	0	0	0	0	0	0.0330637642737887	0	0.000333935998300617	0.000284030618500674	0	0	0	0	0.0302600620346873	0.122731830491327	0.00241596044053549	0	0	0.000969904555711106	0	0	0	0.00504324366166673	0.017292464127633	0	0	0	0	0	0.0451901715004877	0	0	0	0	0	0.000879994863446279	0	0	0
G80603	0.0742876362260202	0	0.000207824440154162	0.19118188298944	0	0.00054296385254906	0	0	0.00078259203282306	0	0	0	0	0	0.0492115872826644	0	0.0656723230651925	0	0	0	0	0.00543203880776379	0.000174320500090811	0	0.00783562146908476	0.0188005109400866	0	0.170248421214335	0	0	0.00186371917337479	0	0	0	0	0.0159166718006038	0	0	0.377281668324195	0	0.00148067412727737	0	0.0162138067436731	0	0.00011281326684018	0	0	0
G80605	0.106987056583177	0	0.000129127103779083	0.00101351273632335	0	0.491735415263664	0	0	0.0409517957819346	0	0	0	0	0	0.000131927691622472	0	0.000249152297067154	0	0	0	0	0	0.000158533276134661	0.319931253570124	0	0	0	0	0	0	0.000567819185246983	0	0	0	0.000214344991013614	0	0.000187639385507018	0	0.000439892333400781	0	0	0	0.000338771108055581	0	0.0366742979351366	0	0	0
G80608	0.000250205987256202	0	0	0.00586638500068629	0	0.000108245852943307	0	0	0.000552534053425031	0	0	0	0	0	0	0	0	0.0176079587313186	0	0	0.0882922005761641	0	0	0	0	0	0	0.000110546827636187	0	0	0.000868467882995237	0	0	0	0	0.0538096937862879	0	0	0	0	0	0	0.0899713118476987	0.122490386927903	0.604752473147625	0.00739173113730976	0	0
G80609	0.9313315	0	0	0.0523069	0	0	0	0	0	0	0	0	0	0	0	0	0	0	0	0	0	0.0011735	0.0066778	0	0.0034216	0.0016056	0	0	0	0	0	0	0	0	0	0	0	0	0	0	0	0	0	0	0	0	0	0
G80610	0.164291666624984	0.287859828912763	0.0010902284597847	0.158290708248342	0.000843131350620794	0	0	0	0.000201579220633709	0.000221987240985707	0	0	0	0	0.000255700490292685	0	0	0	0	0	0	0	0	0	0	0.00106611898476101	0	0.356107950424517	0	0.000876344403350517	0	0.00150509150095988	0.0031851517646435	0	0.000847232962554284	0	0.00564992041872456	0	0	0.0111675888624229	0	0	0	0	0.000213083741910571	0	0	0
G80611	0.0003551	0	0.000348	0.1684048	0	0.0262135	0	0	0.3800872	0	0	0.0219372	0.0621304	0	0	0	0	0	0	0	0.0401478	0.0018867	0	0	0	0.0002245	0	0.000261	0	0	0.0004784	0	0	0	0	0	0	0	0.000795	0	0	0	0.0002952	0	0.1908615	0	0.0404311	0
G80612	0	0	0	0.0211159994399677	0	0	0	0	0.399993054638876	0	0	0	0	0	0.0184969778171771	0	0	0	0	0	0.0178706943889989	0	0	0.00298790636492308	0	0	0	0.000110885592588919	0	0	0.00099646917455584	0	0	0	0	0	0	0	0	0	0	0	0.0784459524306812	0.00179308408160259	0.457531768772315	0	0	0
G80614	0.300506410623791	0	0.00992607231056811	0.03206347101169	0.0184820723877834	0	0.271433733882923	0.00210661858511286	0	0.00157041204087252	0	0	0	0	0	0	0	0.050321098802332	0	0	0	0.00274904623548699	0.0500542457786362	0	0.000195838913192051	0.00620473288042334	0	0.0235888871118691	0.011815147669842	0	0.00250069688847174	0.000230545809452338	0.0029347831414102	0	0	0	0.000276054852099112	0	0	0.0126197075358874	0.00657230591718574	0.00101470162121213	0	0	0	0	0.00762981604444803	0
G80615	0.000132476491926438	0.00250974912914717	0.0129828963243377	0.000886411814181508	0.00368032501966636	0.0842562495584951	0.00349932050766112	0.000157590993039381	0	0.00195482871810183	0	0.00134347572288239	0	0	0.00247813087276594	0	0	0.00244401117205074	0.0398972366644501	0.00933328904109233	0.0262334471924089	0	0	0	0	0.000242940273714043	0.0111063127850021	0	0	0	0	0	0	0	0	0	0	0.0022442958564275	0.303528557389036	0	0	0	0	0	0	0	0.00217155385519599	0
G80616	0.175446817544682	0	0.00572220057222006	0.107874910787491	0	0.353308835330884	0	0	0.329178432917843	0.00174740017474002	0	0	0	0	0	0	0	0	0	0	0	0	0	0	0	0.0223850022385002	0	0	0	0	0	0	0	0	0	0	0	0	0	0	0	0.00433640043364004	0	0	0	0	0	0
G80621	0.604382491913007	0	0.00119603600068362	0.000734822118145756	0	0	0	0	0.000461513891568136	0	0	0.0171868173232014	0	0	0.000865226043303904	0	0	0.0191806773383879	0	0	0.00031140937342214	0	0.0232981012728483	0	0	0.00445983424101065	0.00054991655248823	0.106954219322002	0	0	0	0.00585657628294612	0.0161700867196103	0	0	0.000314509466734949	0.00717681602216227	0	0.00046371395779013	0	0	0	0.000419512627330083	0	0.000508915318351082	0	0	0.000175405279698919
